id,category,model,product_id,purchase_status,purchase_date,customer_id,admin_id
1001,Lights,Light1,1,Sold,NULL,NULL,NULL
1002,Lights,Light1,1,Sold,NULL,NULL,NULL
1003,Lights,Light1,1,Sold,NULL,NULL,NULL
1004,Lights,Light1,1,Sold,NULL,NULL,NULL
1005,Lights,Light1,1,Sold,NULL,NULL,NULL
1006,Lights,Light1,1,Sold,NULL,NULL,NULL
1007,Lights,Light1,1,Sold,NULL,NULL,NULL
1008,Lights,Light1,1,Sold,NULL,NULL,NULL
1009,Lights,Light1,1,Sold,NULL,NULL,NULL
1010,Lights,Light1,1,Sold,NULL,NULL,NULL
1011,Lights,Light1,1,Sold,NULL,NULL,NULL
1012,Lights,Light1,1,Sold,NULL,NULL,NULL
1013,Lights,Light1,1,Sold,NULL,NULL,NULL
1014,Lights,Light1,1,Sold,NULL,NULL,NULL
1015,Lights,Light1,1,Sold,NULL,NULL,NULL
1016,Lights,Light1,1,Sold,NULL,NULL,NULL
1017,Lights,Light1,1,Sold,NULL,NULL,NULL
1018,Lights,Light1,1,Sold,NULL,NULL,NULL
1019,Lights,Light1,1,Sold,NULL,NULL,NULL
1020,Lights,Light1,1,Sold,NULL,NULL,NULL
1021,Lights,Light1,1,Sold,NULL,NULL,NULL
1022,Lights,Light1,1,Sold,NULL,NULL,NULL
1023,Lights,Light1,1,Sold,NULL,NULL,NULL
1024,Lights,Light1,1,Sold,NULL,NULL,NULL
1025,Lights,Light1,1,Sold,NULL,NULL,NULL
1026,Lights,Light1,1,Sold,NULL,NULL,NULL
1027,Lights,Light1,1,Sold,NULL,NULL,NULL
1028,Lights,Light1,1,Sold,NULL,NULL,NULL
1029,Lights,Light1,1,Sold,NULL,NULL,NULL
1030,Lights,Light1,1,Sold,NULL,NULL,NULL
1031,Lights,Light1,1,Sold,NULL,NULL,NULL
1032,Lights,Light1,1,Sold,NULL,NULL,NULL
1033,Lights,Light1,1,Sold,NULL,NULL,NULL
1034,Lights,Light1,1,Sold,NULL,NULL,NULL
1035,Lights,Light1,1,Sold,NULL,NULL,NULL
1036,Lights,Light1,1,Sold,NULL,NULL,NULL
1037,Lights,Light1,1,Sold,NULL,NULL,NULL
1038,Lights,Light1,1,Sold,NULL,NULL,NULL
1039,Lights,Light1,1,Sold,NULL,NULL,NULL
1040,Lights,Light1,1,Sold,NULL,NULL,NULL
1041,Lights,Light1,1,Sold,NULL,NULL,NULL
1042,Lights,Light1,1,Sold,NULL,NULL,NULL
1043,Lights,Light1,1,Sold,NULL,NULL,NULL
1044,Lights,Light1,1,Sold,NULL,NULL,NULL
1045,Lights,Light1,1,Sold,NULL,NULL,NULL
1046,Lights,Light1,1,Sold,NULL,NULL,NULL
1047,Lights,Light1,1,Sold,NULL,NULL,NULL
1048,Lights,Light1,1,Sold,NULL,NULL,NULL
1049,Lights,Light1,1,Sold,NULL,NULL,NULL
1050,Lights,Light1,1,Sold,NULL,NULL,NULL
1051,Lights,Light1,1,Sold,NULL,NULL,NULL
1052,Lights,Light1,1,Sold,NULL,NULL,NULL
1053,Lights,Light1,1,Sold,NULL,NULL,NULL
1054,Lights,Light1,1,Sold,NULL,NULL,NULL
1055,Lights,Light1,1,Sold,NULL,NULL,NULL
1056,Lights,Light1,1,Sold,NULL,NULL,NULL
1057,Lights,Light1,1,Sold,NULL,NULL,NULL
1058,Lights,Light1,1,Sold,NULL,NULL,NULL
1059,Lights,Light1,1,Sold,NULL,NULL,NULL
1060,Lights,Light1,1,Sold,NULL,NULL,NULL
1061,Lights,Light1,1,Sold,NULL,NULL,NULL
1062,Lights,Light1,1,Sold,NULL,NULL,NULL
1063,Lights,Light1,1,Sold,NULL,NULL,NULL
1064,Lights,Light1,1,Sold,NULL,NULL,NULL
1065,Lights,Light1,1,Sold,NULL,NULL,NULL
1066,Lights,Light1,1,Sold,NULL,NULL,NULL
1067,Lights,Light1,1,Sold,NULL,NULL,NULL
1068,Lights,Light1,1,Sold,NULL,NULL,NULL
1069,Lights,Light1,1,Sold,NULL,NULL,NULL
1070,Lights,Light1,1,Sold,NULL,NULL,NULL
1071,Lights,Light1,1,Sold,NULL,NULL,NULL
1072,Lights,Light1,1,Sold,NULL,NULL,NULL
1073,Lights,SmartHome1,6,Unsold,NULL,NULL,NULL
1074,Lights,SmartHome1,6,Sold,NULL,NULL,NULL
1075,Lights,Light1,1,Sold,NULL,NULL,NULL
1076,Lights,Light1,1,Sold,NULL,NULL,NULL
1077,Lights,Light1,1,Sold,NULL,NULL,NULL
1078,Lights,Light1,1,Sold,NULL,NULL,NULL
1079,Lights,Light1,1,Sold,NULL,NULL,NULL
1080,Lights,Light1,1,Sold,NULL,NULL,NULL
1081,Lights,Light1,1,Sold,NULL,NULL,NULL
1082,Lights,Light1,1,Sold,NULL,NULL,NULL
1083,Lights,Light1,1,Sold,NULL,NULL,NULL
1084,Lights,Light1,1,Sold,NULL,NULL,NULL
1085,Lights,Light1,1,Sold,NULL,NULL,NULL
1086,Lights,Light1,1,Sold,NULL,NULL,NULL
1087,Lights,Light1,1,Sold,NULL,NULL,NULL
1088,Lights,Light1,1,Sold,NULL,NULL,NULL
1089,Lights,Light1,1,Sold,NULL,NULL,NULL
1090,Lights,Light1,1,Sold,NULL,NULL,NULL
1091,Lights,Light1,1,Sold,NULL,NULL,NULL
1092,Lights,Light1,1,Sold,NULL,NULL,NULL
1093,Lights,Light1,1,Unsold,NULL,NULL,NULL
1094,Lights,Light1,1,Unsold,NULL,NULL,NULL
1095,Lights,Light1,1,Unsold,NULL,NULL,NULL
1096,Lights,Light1,1,Unsold,NULL,NULL,NULL
1097,Lights,Light1,1,Unsold,NULL,NULL,NULL
1098,Lights,Light1,1,Unsold,NULL,NULL,NULL
1099,Lights,Light1,1,Unsold,NULL,NULL,NULL
1100,Lights,Light1,1,Unsold,NULL,NULL,NULL
1101,Lights,Light1,1,Unsold,NULL,NULL,NULL
1102,Lights,Light2,2,Sold,NULL,NULL,NULL
1103,Lights,Light2,2,Sold,NULL,NULL,NULL
1104,Lights,Light2,2,Sold,NULL,NULL,NULL
1105,Lights,Light2,2,Sold,NULL,NULL,NULL
1106,Lights,Light2,2,Sold,NULL,NULL,NULL
1107,Lights,Light2,2,Sold,NULL,NULL,NULL
1108,Lights,Light2,2,Sold,NULL,NULL,NULL
1109,Lights,Light2,2,Sold,NULL,NULL,NULL
1110,Lights,Light2,2,Sold,NULL,NULL,NULL
1111,Lights,Light2,2,Sold,NULL,NULL,NULL
1112,Lights,Light2,2,Sold,NULL,NULL,NULL
1113,Lights,Light2,2,Sold,NULL,NULL,NULL
1114,Lights,Light2,2,Sold,NULL,NULL,NULL
1115,Lights,Light2,2,Sold,NULL,NULL,NULL
1116,Lights,Light2,2,Sold,NULL,NULL,NULL
1117,Lights,Light2,2,Sold,NULL,NULL,NULL
1118,Lights,Light2,2,Sold,NULL,NULL,NULL
1119,Lights,Light2,2,Sold,NULL,NULL,NULL
1120,Lights,Light2,2,Sold,NULL,NULL,NULL
1121,Lights,Light2,2,Sold,NULL,NULL,NULL
1122,Lights,Light2,2,Sold,NULL,NULL,NULL
1123,Lights,Light2,2,Sold,NULL,NULL,NULL
1124,Lights,Light2,2,Sold,NULL,NULL,NULL
1125,Lights,Light2,2,Sold,NULL,NULL,NULL
1126,Lights,Light2,2,Sold,NULL,NULL,NULL
1127,Lights,Light2,2,Sold,NULL,NULL,NULL
1128,Lights,Light2,2,Sold,NULL,NULL,NULL
1129,Lights,Light2,2,Sold,NULL,NULL,NULL
1130,Lights,Light2,2,Sold,NULL,NULL,NULL
1131,Lights,Light2,2,Sold,NULL,NULL,NULL
1132,Lights,Light2,2,Sold,NULL,NULL,NULL
1133,Lights,Light2,2,Sold,NULL,NULL,NULL
1134,Lights,Light2,2,Sold,NULL,NULL,NULL
1135,Lights,Light2,2,Sold,NULL,NULL,NULL
1136,Lights,Light2,2,Sold,NULL,NULL,NULL
1137,Lights,Light2,2,Sold,NULL,NULL,NULL
1138,Lights,Light2,2,Sold,NULL,NULL,NULL
1139,Lights,Light2,2,Sold,NULL,NULL,NULL
1140,Lights,Light2,2,Sold,NULL,NULL,NULL
1141,Lights,Light2,2,Sold,NULL,NULL,NULL
1142,Lights,Light2,2,Sold,NULL,NULL,NULL
1143,Lights,Light2,2,Sold,NULL,NULL,NULL
1144,Lights,Light2,2,Sold,NULL,NULL,NULL
1145,Lights,Light2,2,Sold,NULL,NULL,NULL
1146,Lights,Light2,2,Sold,NULL,NULL,NULL
1147,Lights,Light2,2,Sold,NULL,NULL,NULL
1148,Lights,Light2,2,Sold,NULL,NULL,NULL
1149,Lights,Light2,2,Sold,NULL,NULL,NULL
1150,Lights,Light2,2,Sold,NULL,NULL,NULL
1151,Lights,Light2,2,Sold,NULL,NULL,NULL
1152,Lights,Light2,2,Sold,NULL,NULL,NULL
1153,Lights,Light2,2,Sold,NULL,NULL,NULL
1154,Lights,Light2,2,Sold,NULL,NULL,NULL
1155,Lights,Light2,2,Sold,NULL,NULL,NULL
1156,Lights,Light2,2,Sold,NULL,NULL,NULL
1157,Lights,Light2,2,Sold,NULL,NULL,NULL
1158,Lights,Light2,2,Sold,NULL,NULL,NULL
1159,Lights,Light2,2,Sold,NULL,NULL,NULL
1160,Lights,Light2,2,Sold,NULL,NULL,NULL
1161,Lights,Light2,2,Sold,NULL,NULL,NULL
1162,Lights,Light2,2,Sold,NULL,NULL,NULL
1163,Lights,Light2,2,Sold,NULL,NULL,NULL
1164,Lights,Light2,2,Sold,NULL,NULL,NULL
1165,Lights,Light2,2,Unsold,NULL,NULL,NULL
1166,Lights,Light2,2,Unsold,NULL,NULL,NULL
1167,Lights,Light2,2,Unsold,NULL,NULL,NULL
1168,Lights,Light2,2,Unsold,NULL,NULL,NULL
1169,Lights,Light2,2,Unsold,NULL,NULL,NULL
1170,Lights,Light2,2,Unsold,NULL,NULL,NULL
1171,Lights,Light2,2,Unsold,NULL,NULL,NULL
1172,Lights,Light2,2,Unsold,NULL,NULL,NULL
1173,Lights,Light2,2,Unsold,NULL,NULL,NULL
1174,Lights,Light2,2,Unsold,NULL,NULL,NULL
1175,Lights,Light2,2,Unsold,NULL,NULL,NULL
1176,Lights,Light2,2,Unsold,NULL,NULL,NULL
1177,Lights,Light2,2,Unsold,NULL,NULL,NULL
1178,Lights,Light2,2,Unsold,NULL,NULL,NULL
1179,Lights,Light2,2,Unsold,NULL,NULL,NULL
1180,Lights,Light2,2,Unsold,NULL,NULL,NULL
1181,Lights,Light2,2,Unsold,NULL,NULL,NULL
1182,Lights,Light2,2,Unsold,NULL,NULL,NULL
1183,Lights,Light2,2,Unsold,NULL,NULL,NULL
1184,Lights,Light2,2,Unsold,NULL,NULL,NULL
1185,Lights,Light2,2,Unsold,NULL,NULL,NULL
1186,Lights,Light2,2,Unsold,NULL,NULL,NULL
1187,Lights,Light2,2,Unsold,NULL,NULL,NULL
1188,Lights,Light2,2,Unsold,NULL,NULL,NULL
1189,Lights,Light2,2,Unsold,NULL,NULL,NULL
1190,Lights,Light2,2,Unsold,NULL,NULL,NULL
1191,Lights,Light2,2,Unsold,NULL,NULL,NULL
1192,Lights,Light2,2,Unsold,NULL,NULL,NULL
1193,Lights,Light2,2,Unsold,NULL,NULL,NULL
1194,Lights,Light2,2,Unsold,NULL,NULL,NULL
1195,Lights,Light2,2,Unsold,NULL,NULL,NULL
1196,Lights,Light2,2,Unsold,NULL,NULL,NULL
1197,Lights,Light2,2,Unsold,NULL,NULL,NULL
1198,Lights,Light2,2,Unsold,NULL,NULL,NULL
1199,Lights,Light2,2,Unsold,NULL,NULL,NULL
1200,Lights,Light2,2,Unsold,NULL,NULL,NULL
1201,Lights,Light2,2,Unsold,NULL,NULL,NULL
1202,Lights,Light2,2,Unsold,NULL,NULL,NULL
1203,Lights,Light2,2,Unsold,NULL,NULL,NULL
1204,Lights,Light2,2,Unsold,NULL,NULL,NULL
1205,Lights,Light2,2,Unsold,NULL,NULL,NULL
1206,Lights,Light2,2,Unsold,NULL,NULL,NULL
1207,Lights,Light2,2,Unsold,NULL,NULL,NULL
1208,Lights,Light2,2,Unsold,NULL,NULL,NULL
1209,Lights,Light2,2,Unsold,NULL,NULL,NULL
1210,Lights,Light2,2,Unsold,NULL,NULL,NULL
1211,Lights,Light2,2,Unsold,NULL,NULL,NULL
1212,Lights,Light2,2,Unsold,NULL,NULL,NULL
1213,Lights,Light2,2,Unsold,NULL,NULL,NULL
1214,Lights,Light2,2,Unsold,NULL,NULL,NULL
1215,Lights,Light2,2,Unsold,NULL,NULL,NULL
1216,Lights,Light2,2,Unsold,NULL,NULL,NULL
1217,Lights,Light2,2,Unsold,NULL,NULL,NULL
1218,Lights,Light2,2,Unsold,NULL,NULL,NULL
1219,Lights,Light2,2,Unsold,NULL,NULL,NULL
1220,Lights,Light2,2,Unsold,NULL,NULL,NULL
1221,Lights,Light2,2,Unsold,NULL,NULL,NULL
1222,Lights,Light2,2,Unsold,NULL,NULL,NULL
1223,Lights,Light2,2,Unsold,NULL,NULL,NULL
1224,Lights,Light2,2,Unsold,NULL,NULL,NULL
1225,Lights,Light2,2,Unsold,NULL,NULL,NULL
1226,Lights,Light2,2,Unsold,NULL,NULL,NULL
1227,Lights,Light2,2,Unsold,NULL,NULL,NULL
1228,Lights,Light2,2,Unsold,NULL,NULL,NULL
1229,Lights,Light2,2,Unsold,NULL,NULL,NULL
1230,Lights,Light2,2,Unsold,NULL,NULL,NULL
1231,Lights,Light2,2,Unsold,NULL,NULL,NULL
1232,Lights,Light2,2,Unsold,NULL,NULL,NULL
1233,Lights,Light2,2,Unsold,NULL,NULL,NULL
1234,Lights,Light2,2,Unsold,NULL,NULL,NULL
1235,Lights,Light2,2,Unsold,NULL,NULL,NULL
1236,Lights,Light2,2,Unsold,NULL,NULL,NULL
1237,Lights,Light2,2,Unsold,NULL,NULL,NULL
1238,Lights,Light2,2,Unsold,NULL,NULL,NULL
1239,Lights,Light2,2,Unsold,NULL,NULL,NULL
1240,Lights,Light2,2,Unsold,NULL,NULL,NULL
1241,Lights,Light2,2,Unsold,NULL,NULL,NULL
1242,Lights,Light2,2,Unsold,NULL,NULL,NULL
1243,Lights,Light2,2,Unsold,NULL,NULL,NULL
1244,Lights,Light2,2,Unsold,NULL,NULL,NULL
1245,Lights,Light2,2,Unsold,NULL,NULL,NULL
1246,Lights,Light2,2,Unsold,NULL,NULL,NULL
1247,Lights,Light2,2,Unsold,NULL,NULL,NULL
1248,Lights,Light2,2,Unsold,NULL,NULL,NULL
1249,Lights,Light2,2,Unsold,NULL,NULL,NULL
1250,Lights,Light2,2,Unsold,NULL,NULL,NULL
1251,Lights,Light2,2,Unsold,NULL,NULL,NULL
1252,Lights,Light2,2,Unsold,NULL,NULL,NULL
1253,Lights,Light2,2,Unsold,NULL,NULL,NULL
1254,Lights,Light2,2,Unsold,NULL,NULL,NULL
1255,Lights,Light2,2,Unsold,NULL,NULL,NULL
1256,Lights,Light2,2,Unsold,NULL,NULL,NULL
1257,Lights,Light2,2,Unsold,NULL,NULL,NULL
1258,Lights,Light2,2,Unsold,NULL,NULL,NULL
1259,Lights,Light2,2,Unsold,NULL,NULL,NULL
1260,Lights,Light2,2,Unsold,NULL,NULL,NULL
1261,Lights,Light2,2,Unsold,NULL,NULL,NULL
1262,Lights,Light2,2,Unsold,NULL,NULL,NULL
1263,Lights,Light2,2,Unsold,NULL,NULL,NULL
1264,Lights,Light2,2,Unsold,NULL,NULL,NULL
1265,Lights,Light2,2,Unsold,NULL,NULL,NULL
1266,Lights,Light2,2,Unsold,NULL,NULL,NULL
1267,Lights,Light2,2,Unsold,NULL,NULL,NULL
1268,Lights,Light2,2,Unsold,NULL,NULL,NULL
1269,Lights,Light2,2,Unsold,NULL,NULL,NULL
1270,Lights,Light2,2,Unsold,NULL,NULL,NULL
1271,Lights,Light2,2,Unsold,NULL,NULL,NULL
1272,Lights,Light2,2,Unsold,NULL,NULL,NULL
1273,Lights,Light2,2,Unsold,NULL,NULL,NULL
1274,Lights,Light2,2,Unsold,NULL,NULL,NULL
1275,Lights,Light2,2,Unsold,NULL,NULL,NULL
1276,Lights,Light2,2,Unsold,NULL,NULL,NULL
1277,Lights,Light2,2,Unsold,NULL,NULL,NULL
1278,Lights,Light2,2,Unsold,NULL,NULL,NULL
1279,Lights,Light2,2,Unsold,NULL,NULL,NULL
1280,Lights,Light2,2,Unsold,NULL,NULL,NULL
1281,Lights,Light2,2,Unsold,NULL,NULL,NULL
1282,Lights,Light2,2,Unsold,NULL,NULL,NULL
1283,Lights,Light2,2,Unsold,NULL,NULL,NULL
1284,Lights,Light2,2,Unsold,NULL,NULL,NULL
1285,Lights,Light2,2,Unsold,NULL,NULL,NULL
1286,Lights,Light2,2,Unsold,NULL,NULL,NULL
1287,Lights,Light2,2,Unsold,NULL,NULL,NULL
1288,Lights,Light2,2,Unsold,NULL,NULL,NULL
1289,Lights,Light2,2,Unsold,NULL,NULL,NULL
1290,Lights,Light2,2,Unsold,NULL,NULL,NULL
1291,Lights,Light2,2,Unsold,NULL,NULL,NULL
1292,Lights,Light2,2,Unsold,NULL,NULL,NULL
1293,Lights,Light2,2,Unsold,NULL,NULL,NULL
1294,Lights,Light2,2,Unsold,NULL,NULL,NULL
1295,Lights,Light2,2,Unsold,NULL,NULL,NULL
1296,Lights,Light2,2,Sold,NULL,NULL,NULL
1297,Lights,Light2,2,Sold,NULL,NULL,NULL
1298,Lights,Light2,2,Sold,NULL,NULL,NULL
1299,Lights,Light2,2,Sold,NULL,NULL,NULL
1300,Lights,Light2,2,Sold,NULL,NULL,NULL
1301,Lights,Light2,2,Sold,NULL,NULL,NULL
1302,Lights,Light2,2,Sold,NULL,NULL,NULL
1303,Lights,Light2,2,Sold,NULL,NULL,NULL
1304,Lights,Light2,2,Sold,NULL,NULL,NULL
1305,Lights,Light2,2,Sold,NULL,NULL,NULL
1306,Lights,Light2,2,Sold,NULL,NULL,NULL
1307,Lights,Light2,2,Sold,NULL,NULL,NULL
1308,Lights,Light2,2,Sold,NULL,NULL,NULL
1309,Lights,Light2,2,Sold,NULL,NULL,NULL
1310,Lights,Light2,2,Sold,NULL,NULL,NULL
1311,Lights,Light2,2,Sold,NULL,NULL,NULL
1312,Lights,Light2,2,Sold,NULL,NULL,NULL
1313,Lights,Light2,2,Sold,NULL,NULL,NULL
1314,Lights,Light2,2,Sold,NULL,NULL,NULL
1315,Lights,Light2,2,Sold,NULL,NULL,NULL
1316,Lights,Light2,2,Sold,NULL,NULL,NULL
1317,Lights,Light2,2,Sold,NULL,NULL,NULL
1318,Lights,Light2,2,Sold,NULL,NULL,NULL
1319,Lights,Light2,2,Sold,NULL,NULL,NULL
1320,Lights,Light2,2,Sold,NULL,NULL,NULL
1321,Lights,Light2,2,Sold,NULL,NULL,NULL
1322,Lights,Light2,2,Sold,NULL,NULL,NULL
1323,Lights,Light2,2,Sold,NULL,NULL,NULL
1324,Lights,Light2,2,Sold,NULL,NULL,NULL
1325,Lights,Light2,2,Sold,NULL,NULL,NULL
1326,Lights,Light2,2,Sold,NULL,NULL,NULL
1327,Lights,Light2,2,Sold,NULL,NULL,NULL
1328,Lights,Light2,2,Sold,NULL,NULL,NULL
1329,Lights,Light2,2,Sold,NULL,NULL,NULL
1330,Lights,Light2,2,Sold,NULL,NULL,NULL
1331,Lights,Light2,2,Sold,NULL,NULL,NULL
1332,Lights,Light2,2,Sold,NULL,NULL,NULL
1333,Lights,Light2,2,Sold,NULL,NULL,NULL
1334,Lights,Light2,2,Sold,NULL,NULL,NULL
1335,Lights,Light2,2,Sold,NULL,NULL,NULL
1336,Lights,Light2,2,Sold,NULL,NULL,NULL
1337,Lights,Light2,2,Sold,NULL,NULL,NULL
1338,Lights,Light2,2,Sold,NULL,NULL,NULL
1339,Lights,Light2,2,Sold,NULL,NULL,NULL
1340,Lights,Light2,2,Sold,NULL,NULL,NULL
1341,Lights,Light2,2,Sold,NULL,NULL,NULL
1342,Lights,Light2,2,Sold,NULL,NULL,NULL
1343,Lights,Light2,2,Sold,NULL,NULL,NULL
1344,Lights,Light2,2,Sold,NULL,NULL,NULL
1345,Lights,Light2,2,Sold,NULL,NULL,NULL
1346,Lights,Light2,2,Sold,NULL,NULL,NULL
1347,Lights,Light2,2,Sold,NULL,NULL,NULL
1348,Lights,Light2,2,Sold,NULL,NULL,NULL
1349,Lights,Light2,2,Sold,NULL,NULL,NULL
1350,Lights,Light2,2,Sold,NULL,NULL,NULL
1351,Lights,Light2,2,Sold,NULL,NULL,NULL
1352,Lights,Light2,2,Sold,NULL,NULL,NULL
1353,Lights,Light2,2,Sold,NULL,NULL,NULL
1354,Lights,Light2,2,Sold,NULL,NULL,NULL
1355,Lights,Light2,2,Sold,NULL,NULL,NULL
1356,Lights,Light2,2,Sold,NULL,NULL,NULL
1357,Lights,Light2,2,Sold,NULL,NULL,NULL
1358,Lights,Light2,2,Sold,NULL,NULL,NULL
1359,Lights,Light2,2,Sold,NULL,NULL,NULL
1360,Lights,Light2,2,Sold,NULL,NULL,NULL
1361,Lights,Light2,2,Sold,NULL,NULL,NULL
1362,Lights,Light2,2,Sold,NULL,NULL,NULL
1363,Lights,Light2,2,Sold,NULL,NULL,NULL
1364,Lights,Light2,2,Sold,NULL,NULL,NULL
1365,Lights,Light2,2,Sold,NULL,NULL,NULL
1366,Lights,Light2,2,Sold,NULL,NULL,NULL
1367,Lights,Light2,2,Sold,NULL,NULL,NULL
1368,Lights,Light2,2,Sold,NULL,NULL,NULL
1369,Lights,Light2,2,Unsold,NULL,NULL,NULL
1370,Lights,Light2,2,Unsold,NULL,NULL,NULL
1371,Lights,Light2,2,Unsold,NULL,NULL,NULL
1372,Lights,Light2,2,Unsold,NULL,NULL,NULL
1373,Lights,Light2,2,Unsold,NULL,NULL,NULL
1374,Lights,Light2,2,Unsold,NULL,NULL,NULL
1375,Lights,Light2,2,Unsold,NULL,NULL,NULL
1376,Lights,Light2,2,Unsold,NULL,NULL,NULL
1377,Lights,Light2,2,Unsold,NULL,NULL,NULL
1378,Lights,Light2,2,Unsold,NULL,NULL,NULL
1379,Lights,Light2,2,Unsold,NULL,NULL,NULL
1380,Lights,Light2,2,Unsold,NULL,NULL,NULL
1381,Lights,Light2,2,Unsold,NULL,NULL,NULL
1382,Lights,Light2,2,Unsold,NULL,NULL,NULL
1383,Lights,Light2,2,Unsold,NULL,NULL,NULL
1384,Lights,Light2,2,Unsold,NULL,NULL,NULL
1385,Lights,Light2,2,Unsold,NULL,NULL,NULL
1386,Lights,Light2,2,Unsold,NULL,NULL,NULL
1387,Lights,Light2,2,Unsold,NULL,NULL,NULL
1388,Lights,Light2,2,Unsold,NULL,NULL,NULL
1389,Lights,Light2,2,Unsold,NULL,NULL,NULL
1390,Lights,Light2,2,Unsold,NULL,NULL,NULL
1391,Lights,Light2,2,Unsold,NULL,NULL,NULL
1392,Lights,Light2,2,Unsold,NULL,NULL,NULL
1393,Lights,Light2,2,Unsold,NULL,NULL,NULL
1394,Lights,Light2,2,Unsold,NULL,NULL,NULL
1395,Lights,Light2,2,Unsold,NULL,NULL,NULL
1396,Lights,Light2,2,Unsold,NULL,NULL,NULL
1397,Lights,Light2,2,Unsold,NULL,NULL,NULL
1398,Lights,Light2,2,Unsold,NULL,NULL,NULL
1399,Lights,Light2,2,Unsold,NULL,NULL,NULL
1400,Lights,Light2,2,Unsold,NULL,NULL,NULL
1401,Lights,SmartHome1,6,Unsold,NULL,NULL,NULL
1402,Lights,SmartHome1,6,Unsold,NULL,NULL,NULL
1403,Lights,SmartHome1,6,Unsold,NULL,NULL,NULL
1404,Lights,SmartHome1,6,Unsold,NULL,NULL,NULL
1405,Lights,SmartHome1,6,Unsold,NULL,NULL,NULL
1406,Lights,SmartHome1,6,Unsold,NULL,NULL,NULL
1407,Lights,SmartHome1,6,Unsold,NULL,NULL,NULL
1408,Lights,SmartHome1,6,Unsold,NULL,NULL,NULL
1409,Lights,SmartHome1,6,Unsold,NULL,NULL,NULL
1410,Lights,SmartHome1,6,Unsold,NULL,NULL,NULL
1411,Lights,SmartHome1,6,Unsold,NULL,NULL,NULL
1412,Lights,SmartHome1,6,Unsold,NULL,NULL,NULL
1413,Lights,SmartHome1,6,Unsold,NULL,NULL,NULL
1414,Lights,SmartHome1,6,Unsold,NULL,NULL,NULL
1415,Lights,SmartHome1,6,Unsold,NULL,NULL,NULL
1416,Lights,SmartHome1,6,Unsold,NULL,NULL,NULL
1417,Lights,SmartHome1,6,Unsold,NULL,NULL,NULL
1418,Lights,SmartHome1,6,Unsold,NULL,NULL,NULL
1419,Lights,SmartHome1,6,Unsold,NULL,NULL,NULL
1420,Lights,SmartHome1,6,Unsold,NULL,NULL,NULL
1421,Lights,SmartHome1,6,Unsold,NULL,NULL,NULL
1422,Lights,SmartHome1,6,Unsold,NULL,NULL,NULL
1423,Lights,SmartHome1,6,Unsold,NULL,NULL,NULL
1424,Lights,SmartHome1,6,Unsold,NULL,NULL,NULL
1425,Lights,SmartHome1,6,Unsold,NULL,NULL,NULL
1426,Lights,SmartHome1,6,Unsold,NULL,NULL,NULL
1427,Lights,SmartHome1,6,Unsold,NULL,NULL,NULL
1428,Lights,SmartHome1,6,Unsold,NULL,NULL,NULL
1429,Lights,SmartHome1,6,Unsold,NULL,NULL,NULL
1430,Lights,SmartHome1,6,Unsold,NULL,NULL,NULL
1431,Lights,SmartHome1,6,Unsold,NULL,NULL,NULL
1432,Lights,SmartHome1,6,Unsold,NULL,NULL,NULL
1433,Lights,SmartHome1,6,Unsold,NULL,NULL,NULL
1434,Lights,SmartHome1,6,Sold,NULL,NULL,NULL
1435,Lights,SmartHome1,6,Sold,NULL,NULL,NULL
1436,Lights,SmartHome1,6,Sold,NULL,NULL,NULL
1437,Lights,SmartHome1,6,Sold,NULL,NULL,NULL
1438,Lights,SmartHome1,6,Sold,NULL,NULL,NULL
1439,Lights,SmartHome1,6,Sold,NULL,NULL,NULL
1440,Lights,SmartHome1,6,Unsold,NULL,NULL,NULL
1441,Lights,SmartHome1,6,Unsold,NULL,NULL,NULL
1442,Lights,SmartHome1,6,Unsold,NULL,NULL,NULL
1443,Lights,SmartHome1,6,Unsold,NULL,NULL,NULL
1444,Lights,SmartHome1,6,Unsold,NULL,NULL,NULL
1445,Lights,SmartHome1,6,Unsold,NULL,NULL,NULL
1446,Lights,SmartHome1,6,Unsold,NULL,NULL,NULL
1447,Lights,SmartHome1,6,Unsold,NULL,NULL,NULL
1448,Lights,SmartHome1,6,Unsold,NULL,NULL,NULL
1449,Lights,SmartHome1,6,Unsold,NULL,NULL,NULL
1450,Lights,SmartHome1,6,Sold,NULL,NULL,NULL
1451,Lights,SmartHome1,6,Sold,NULL,NULL,NULL
1452,Lights,SmartHome1,6,Sold,NULL,NULL,NULL
1453,Lights,SmartHome1,6,Sold,NULL,NULL,NULL
1454,Lights,SmartHome1,6,Sold,NULL,NULL,NULL
1455,Lights,SmartHome1,6,Sold,NULL,NULL,NULL
1456,Lights,SmartHome1,6,Unsold,NULL,NULL,NULL
1457,Lights,SmartHome1,6,Unsold,NULL,NULL,NULL
1458,Lights,SmartHome1,6,Unsold,NULL,NULL,NULL
1459,Lights,SmartHome1,6,Unsold,NULL,NULL,NULL
1460,Lights,SmartHome1,6,Unsold,NULL,NULL,NULL
1461,Lights,SmartHome1,6,Unsold,NULL,NULL,NULL
1462,Lights,SmartHome1,6,Unsold,NULL,NULL,NULL
1463,Lights,SmartHome1,6,Unsold,NULL,NULL,NULL
1464,Lights,SmartHome1,6,Unsold,NULL,NULL,NULL
1465,Lights,SmartHome1,6,Unsold,NULL,NULL,NULL
1466,Lights,SmartHome1,6,Sold,NULL,NULL,NULL
1467,Lights,SmartHome1,6,Sold,NULL,NULL,NULL
1468,Lights,SmartHome1,6,Sold,NULL,NULL,NULL
1469,Lights,SmartHome1,6,Sold,NULL,NULL,NULL
1470,Lights,SmartHome1,6,Sold,NULL,NULL,NULL
1471,Lights,SmartHome1,6,Sold,NULL,NULL,NULL
1472,Lights,SmartHome1,6,Unsold,NULL,NULL,NULL
1473,Lights,SmartHome1,6,Unsold,NULL,NULL,NULL
1474,Lights,SmartHome1,6,Unsold,NULL,NULL,NULL
1475,Lights,SmartHome1,6,Unsold,NULL,NULL,NULL
1476,Lights,SmartHome1,6,Unsold,NULL,NULL,NULL
1477,Lights,SmartHome1,6,Unsold,NULL,NULL,NULL
1478,Lights,SmartHome1,6,Unsold,NULL,NULL,NULL
1479,Lights,SmartHome1,6,Unsold,NULL,NULL,NULL
1480,Lights,SmartHome1,6,Unsold,NULL,NULL,NULL
1481,Lights,SmartHome1,6,Unsold,NULL,NULL,NULL
1482,Lights,SmartHome1,6,Sold,NULL,NULL,NULL
1483,Lights,SmartHome1,6,Sold,NULL,NULL,NULL
1484,Lights,SmartHome1,6,Sold,NULL,NULL,NULL
1485,Lights,SmartHome1,6,Sold,NULL,NULL,NULL
1486,Lights,SmartHome1,6,Sold,NULL,NULL,NULL
1487,Lights,SmartHome1,6,Sold,NULL,NULL,NULL
1488,Lights,SmartHome1,6,Unsold,NULL,NULL,NULL
1489,Lights,SmartHome1,6,Unsold,NULL,NULL,NULL
1490,Lights,SmartHome1,6,Unsold,NULL,NULL,NULL
1491,Lights,SmartHome1,6,Unsold,NULL,NULL,NULL
1492,Lights,SmartHome1,6,Unsold,NULL,NULL,NULL
1493,Lights,SmartHome1,6,Unsold,NULL,NULL,NULL
1494,Lights,SmartHome1,6,Unsold,NULL,NULL,NULL
1495,Lights,SmartHome1,6,Unsold,NULL,NULL,NULL
1496,Lights,SmartHome1,6,Unsold,NULL,NULL,NULL
1497,Lights,SmartHome1,6,Unsold,NULL,NULL,NULL
1498,Lights,SmartHome1,6,Sold,NULL,NULL,NULL
1499,Lights,SmartHome1,6,Sold,NULL,NULL,NULL
1500,Lights,SmartHome1,6,Sold,NULL,NULL,NULL
1501,Lights,SmartHome1,6,Sold,NULL,NULL,NULL
1502,Locks,Safe1,3,Sold,NULL,NULL,NULL
1503,Locks,Safe2,4,Sold,NULL,NULL,NULL
1504,Locks,Safe3,5,Sold,NULL,NULL,NULL
1505,Locks,SmartHome1,7,Sold,NULL,NULL,NULL
1506,Locks,Safe1,3,Sold,NULL,NULL,NULL
1507,Locks,Safe2,4,Unsold,NULL,NULL,NULL
1508,Locks,Safe3,5,Unsold,NULL,NULL,NULL
1509,Locks,SmartHome1,7,Unsold,NULL,NULL,NULL
1510,Locks,Safe1,3,Unsold,NULL,NULL,NULL
1511,Locks,Safe2,4,Unsold,NULL,NULL,NULL
1512,Locks,Safe3,5,Unsold,NULL,NULL,NULL
1513,Locks,SmartHome1,7,Unsold,NULL,NULL,NULL
1514,Locks,Safe1,3,Unsold,NULL,NULL,NULL
1515,Locks,Safe2,4,Unsold,NULL,NULL,NULL
1516,Locks,Safe3,5,Unsold,NULL,NULL,NULL
1517,Locks,SmartHome1,7,Sold,NULL,NULL,NULL
1518,Locks,Safe1,3,Sold,NULL,NULL,NULL
1519,Locks,Safe2,4,Sold,NULL,NULL,NULL
1520,Locks,Safe3,5,Sold,NULL,NULL,NULL
1521,Locks,SmartHome1,7,Sold,NULL,NULL,NULL
1522,Locks,Safe2,4,Unsold,NULL,NULL,NULL
1523,Locks,Safe2,4,Unsold,NULL,NULL,NULL
1524,Locks,Safe3,5,Unsold,NULL,NULL,NULL
1525,Locks,SmartHome1,7,Unsold,NULL,NULL,NULL
1526,Locks,Safe3,5,Unsold,NULL,NULL,NULL
1527,Locks,Safe2,4,Unsold,NULL,NULL,NULL
1528,Locks,Safe3,5,Unsold,NULL,NULL,NULL
1529,Locks,SmartHome1,7,Unsold,NULL,NULL,NULL
1530,Locks,Safe1,3,Unsold,NULL,NULL,NULL
1531,Locks,Safe2,4,Unsold,NULL,NULL,NULL
1532,Locks,Safe3,5,Sold,NULL,NULL,NULL
1533,Locks,SmartHome1,7,Sold,NULL,NULL,NULL
1534,Locks,Safe1,3,Sold,NULL,NULL,NULL
1535,Locks,Safe2,4,Sold,NULL,NULL,NULL
1536,Locks,Safe3,5,Sold,NULL,NULL,NULL
1537,Locks,SmartHome1,7,Unsold,NULL,NULL,NULL
1538,Locks,Safe1,3,Unsold,NULL,NULL,NULL
1539,Locks,Safe2,4,Unsold,NULL,NULL,NULL
1540,Locks,Safe3,5,Unsold,NULL,NULL,NULL
1541,Locks,SmartHome1,7,Unsold,NULL,NULL,NULL
1542,Locks,Safe1,3,Unsold,NULL,NULL,NULL
1543,Locks,Safe2,4,Unsold,NULL,NULL,NULL
1544,Locks,Safe3,5,Unsold,NULL,NULL,NULL
1545,Locks,SmartHome1,7,Unsold,NULL,NULL,NULL
1546,Locks,Safe2,4,Unsold,NULL,NULL,NULL
1547,Locks,Safe2,4,Sold,NULL,NULL,NULL
1548,Locks,Safe3,5,Sold,NULL,NULL,NULL
1549,Locks,SmartHome1,7,Sold,NULL,NULL,NULL
1550,Locks,Safe3,5,Sold,NULL,NULL,NULL
1551,Locks,Safe2,4,Sold,NULL,NULL,NULL
1552,Locks,Safe3,5,Unsold,NULL,NULL,NULL
1553,Locks,SmartHome1,7,Unsold,NULL,NULL,NULL
1554,Locks,Safe1,3,Unsold,NULL,NULL,NULL
1555,Locks,Safe2,4,Unsold,NULL,NULL,NULL
1556,Locks,Safe3,5,Unsold,NULL,NULL,NULL
1557,Locks,SmartHome1,7,Unsold,NULL,NULL,NULL
1558,Locks,Safe1,3,Unsold,NULL,NULL,NULL
1559,Locks,Safe2,4,Unsold,NULL,NULL,NULL
1560,Locks,Safe3,5,Unsold,NULL,NULL,NULL
1561,Locks,SmartHome1,7,Unsold,NULL,NULL,NULL
1562,Locks,Safe1,3,Sold,NULL,NULL,NULL
1563,Locks,Safe2,4,Sold,NULL,NULL,NULL
1564,Locks,Safe3,5,Sold,NULL,NULL,NULL
1565,Locks,SmartHome1,7,Sold,NULL,NULL,NULL
1566,Locks,Safe1,3,Sold,NULL,NULL,NULL
1567,Locks,Safe2,4,Unsold,NULL,NULL,NULL
1568,Locks,Safe3,5,Unsold,NULL,NULL,NULL
1569,Locks,SmartHome1,7,Unsold,NULL,NULL,NULL
1570,Locks,Safe2,4,Unsold,NULL,NULL,NULL
1571,Locks,Safe2,4,Unsold,NULL,NULL,NULL
1572,Locks,Safe3,5,Unsold,NULL,NULL,NULL
1573,Locks,SmartHome1,7,Unsold,NULL,NULL,NULL
1574,Locks,Safe3,5,Unsold,NULL,NULL,NULL
1575,Locks,Safe2,4,Unsold,NULL,NULL,NULL
1576,Locks,Safe3,5,Unsold,NULL,NULL,NULL
1577,Locks,SmartHome1,7,Sold,NULL,NULL,NULL
1578,Locks,Safe1,3,Sold,NULL,NULL,NULL
1579,Locks,Safe2,4,Sold,NULL,NULL,NULL
1580,Locks,Safe3,5,Sold,NULL,NULL,NULL
1581,Locks,SmartHome1,7,Sold,NULL,NULL,NULL
1582,Locks,Safe1,3,Unsold,NULL,NULL,NULL
1583,Locks,Safe2,4,Unsold,NULL,NULL,NULL
1584,Locks,Safe3,5,Unsold,NULL,NULL,NULL
1585,Locks,SmartHome1,7,Unsold,NULL,NULL,NULL
1586,Locks,Safe1,3,Unsold,NULL,NULL,NULL
1587,Locks,Safe2,4,Unsold,NULL,NULL,NULL
1588,Locks,Safe3,5,Unsold,NULL,NULL,NULL
1589,Locks,SmartHome1,7,Unsold,NULL,NULL,NULL
1590,Locks,Safe1,3,Unsold,NULL,NULL,NULL
1591,Locks,Safe2,4,Unsold,NULL,NULL,NULL
1592,Locks,Safe3,5,Sold,NULL,NULL,NULL
1593,Locks,SmartHome1,7,Sold,NULL,NULL,NULL
1594,Locks,Safe2,4,Sold,NULL,NULL,NULL
1595,Locks,Safe2,4,Sold,NULL,NULL,NULL
1596,Locks,Safe3,5,Sold,NULL,NULL,NULL
1597,Locks,SmartHome1,7,Unsold,NULL,NULL,NULL
1598,Locks,Safe3,5,Unsold,NULL,NULL,NULL
1599,Locks,Safe2,4,Unsold,NULL,NULL,NULL
1600,Locks,Safe3,5,Unsold,NULL,NULL,NULL
1601,Locks,SmartHome1,7,Unsold,NULL,NULL,NULL
1602,Locks,Safe1,3,Unsold,NULL,NULL,NULL
1603,Locks,Safe2,4,Unsold,NULL,NULL,NULL
1604,Locks,Safe3,5,Unsold,NULL,NULL,NULL
1605,Locks,SmartHome1,7,Unsold,NULL,NULL,NULL
1606,Locks,Safe1,3,Unsold,NULL,NULL,NULL
1607,Locks,Safe2,4,Sold,NULL,NULL,NULL
1608,Locks,Safe3,5,Sold,NULL,NULL,NULL
1609,Locks,SmartHome1,7,Sold,NULL,NULL,NULL
1610,Locks,Safe1,3,Sold,NULL,NULL,NULL
1611,Locks,Safe2,4,Sold,NULL,NULL,NULL
1612,Locks,Safe3,5,Unsold,NULL,NULL,NULL
1613,Locks,SmartHome1,7,Unsold,NULL,NULL,NULL
1614,Locks,Safe1,3,Unsold,NULL,NULL,NULL
1615,Locks,Safe2,4,Unsold,NULL,NULL,NULL
1616,Locks,Safe3,5,Unsold,NULL,NULL,NULL
1617,Locks,SmartHome1,7,Unsold,NULL,NULL,NULL
1618,Locks,Safe2,4,Unsold,NULL,NULL,NULL
1619,Locks,Safe2,4,Unsold,NULL,NULL,NULL
1620,Locks,Safe3,5,Unsold,NULL,NULL,NULL
1621,Locks,SmartHome1,7,Unsold,NULL,NULL,NULL
1622,Locks,Safe3,5,Sold,NULL,NULL,NULL
1623,Locks,Safe2,4,Sold,NULL,NULL,NULL
1624,Locks,Safe3,5,Sold,NULL,NULL,NULL
1625,Locks,SmartHome1,7,Sold,NULL,NULL,NULL
1626,Locks,Safe1,3,Sold,NULL,NULL,NULL
1627,Locks,Safe2,4,Unsold,NULL,NULL,NULL
1628,Locks,Safe3,5,Unsold,NULL,NULL,NULL
1629,Locks,SmartHome1,7,Unsold,NULL,NULL,NULL
1630,Locks,Safe1,3,Unsold,NULL,NULL,NULL
1631,Locks,Safe2,4,Unsold,NULL,NULL,NULL
1632,Locks,Safe3,5,Unsold,NULL,NULL,NULL
1633,Locks,SmartHome1,7,Unsold,NULL,NULL,NULL
1634,Locks,Safe1,3,Unsold,NULL,NULL,NULL
1635,Locks,Safe2,4,Unsold,NULL,NULL,NULL
1636,Locks,Safe3,5,Unsold,NULL,NULL,NULL
1637,Locks,SmartHome1,7,Sold,NULL,NULL,NULL
1638,Locks,Safe1,3,Sold,NULL,NULL,NULL
1639,Locks,Safe2,4,Sold,NULL,NULL,NULL
1640,Locks,Safe3,5,Sold,NULL,NULL,NULL
1641,Locks,SmartHome1,7,Sold,NULL,NULL,NULL
1642,Locks,Safe2,4,Unsold,NULL,NULL,NULL
1643,Locks,Safe2,4,Unsold,NULL,NULL,NULL
1644,Locks,Safe3,5,Unsold,NULL,NULL,NULL
1645,Locks,SmartHome1,7,Unsold,NULL,NULL,NULL
1646,Locks,Safe3,5,Unsold,NULL,NULL,NULL
1647,Locks,Safe2,4,Unsold,NULL,NULL,NULL
1648,Locks,Safe3,5,Unsold,NULL,NULL,NULL
1649,Locks,SmartHome1,7,Unsold,NULL,NULL,NULL
1650,Locks,Safe1,3,Unsold,NULL,NULL,NULL
1651,Locks,Safe2,4,Unsold,NULL,NULL,NULL
1652,Locks,Safe3,5,Sold,NULL,NULL,NULL
1653,Locks,SmartHome1,7,Sold,NULL,NULL,NULL
1654,Locks,Safe1,3,Sold,NULL,NULL,NULL
1655,Locks,Safe2,4,Sold,NULL,NULL,NULL
1656,Locks,Safe3,5,Sold,NULL,NULL,NULL
1657,Locks,SmartHome1,7,Unsold,NULL,NULL,NULL
1658,Locks,Safe1,3,Unsold,NULL,NULL,NULL
1659,Locks,Safe2,4,Unsold,NULL,NULL,NULL
1660,Locks,Safe3,5,Unsold,NULL,NULL,NULL
1661,Locks,SmartHome1,7,Unsold,NULL,NULL,NULL
1662,Locks,Safe1,3,Unsold,NULL,NULL,NULL
1663,Locks,Safe2,4,Unsold,NULL,NULL,NULL
1664,Locks,Safe3,5,Unsold,NULL,NULL,NULL
1665,Locks,SmartHome1,7,Unsold,NULL,NULL,NULL
1666,Locks,Safe2,4,Unsold,NULL,NULL,NULL
1667,Locks,Safe2,4,Sold,NULL,NULL,NULL
1668,Locks,Safe3,5,Sold,NULL,NULL,NULL
1669,Locks,SmartHome1,7,Sold,NULL,NULL,NULL
1670,Locks,Safe3,5,Sold,NULL,NULL,NULL
1671,Locks,Safe2,4,Sold,NULL,NULL,NULL
1672,Locks,Safe3,5,Unsold,NULL,NULL,NULL
1673,Locks,SmartHome1,7,Unsold,NULL,NULL,NULL
1674,Locks,Safe1,3,Unsold,NULL,NULL,NULL
1675,Locks,Safe2,4,Unsold,NULL,NULL,NULL
1676,Locks,Safe3,5,Unsold,NULL,NULL,NULL
1677,Locks,SmartHome1,7,Unsold,NULL,NULL,NULL
1678,Locks,Safe1,3,Unsold,NULL,NULL,NULL
1679,Locks,Safe2,4,Unsold,NULL,NULL,NULL
1680,Locks,Safe3,5,Unsold,NULL,NULL,NULL
1681,Locks,SmartHome1,7,Unsold,NULL,NULL,NULL
1682,Locks,Safe1,3,Sold,NULL,NULL,NULL
1683,Locks,Safe2,4,Sold,NULL,NULL,NULL
1684,Locks,Safe3,5,Sold,NULL,NULL,NULL
1685,Locks,SmartHome1,7,Sold,NULL,NULL,NULL
1686,Locks,Safe1,3,Sold,NULL,NULL,NULL
1687,Locks,Safe2,4,Unsold,NULL,NULL,NULL
1688,Locks,Safe3,5,Unsold,NULL,NULL,NULL
1689,Locks,SmartHome1,7,Unsold,NULL,NULL,NULL
1690,Locks,Safe2,4,Unsold,NULL,NULL,NULL
1691,Locks,Safe2,4,Unsold,NULL,NULL,NULL
1692,Locks,Safe3,5,Unsold,NULL,NULL,NULL
1693,Locks,SmartHome1,7,Unsold,NULL,NULL,NULL
1694,Locks,Safe3,5,Unsold,NULL,NULL,NULL
1695,Locks,Safe2,4,Unsold,NULL,NULL,NULL
1696,Locks,Safe3,5,Unsold,NULL,NULL,NULL
1697,Locks,SmartHome1,7,Sold,NULL,NULL,NULL
1698,Locks,Safe1,3,Sold,NULL,NULL,NULL
1699,Locks,Safe2,4,Sold,NULL,NULL,NULL
1700,Locks,Safe3,5,Sold,NULL,NULL,NULL
1701,Locks,SmartHome1,7,Sold,NULL,NULL,NULL
1702,Locks,Safe1,3,Unsold,NULL,NULL,NULL
1703,Locks,Safe2,4,Unsold,NULL,NULL,NULL
1704,Locks,Safe3,5,Unsold,NULL,NULL,NULL
1705,Locks,SmartHome1,7,Unsold,NULL,NULL,NULL
1706,Locks,Safe1,3,Unsold,NULL,NULL,NULL
1707,Locks,Safe2,4,Unsold,NULL,NULL,NULL
1708,Locks,Safe3,5,Unsold,NULL,NULL,NULL
1709,Locks,SmartHome1,7,Unsold,NULL,NULL,NULL
1710,Locks,Safe1,3,Unsold,NULL,NULL,NULL
1711,Locks,Safe2,4,Unsold,NULL,NULL,NULL
1712,Locks,Safe3,5,Sold,NULL,NULL,NULL
1713,Locks,SmartHome1,7,Sold,NULL,NULL,NULL
1714,Locks,Safe2,4,Sold,NULL,NULL,NULL
1715,Locks,Safe2,4,Sold,NULL,NULL,NULL
1716,Locks,Safe3,5,Sold,NULL,NULL,NULL
1717,Locks,SmartHome1,7,Unsold,NULL,NULL,NULL
1718,Locks,Safe3,5,Unsold,NULL,NULL,NULL
1719,Locks,Safe2,4,Unsold,NULL,NULL,NULL
1720,Locks,Safe3,5,Unsold,NULL,NULL,NULL
1721,Locks,SmartHome1,7,Unsold,NULL,NULL,NULL
1722,Locks,Safe1,3,Unsold,NULL,NULL,NULL
1723,Locks,Safe2,4,Unsold,NULL,NULL,NULL
1724,Locks,Safe3,5,Unsold,NULL,NULL,NULL
1725,Locks,SmartHome1,7,Unsold,NULL,NULL,NULL
1726,Locks,Safe1,3,Unsold,NULL,NULL,NULL
1727,Locks,Safe2,4,Sold,NULL,NULL,NULL
1728,Locks,Safe3,5,Sold,NULL,NULL,NULL
1729,Locks,SmartHome1,7,Sold,NULL,NULL,NULL
1730,Locks,Safe1,3,Sold,NULL,NULL,NULL
1731,Locks,Safe2,4,Sold,NULL,NULL,NULL
1732,Locks,Safe3,5,Unsold,NULL,NULL,NULL
1733,Locks,SmartHome1,7,Unsold,NULL,NULL,NULL
1734,Locks,Safe1,3,Unsold,NULL,NULL,NULL
1735,Locks,Safe2,4,Unsold,NULL,NULL,NULL
1736,Locks,Safe3,5,Unsold,NULL,NULL,NULL
1737,Locks,SmartHome1,7,Unsold,NULL,NULL,NULL
1738,Locks,Safe2,4,Unsold,NULL,NULL,NULL
1739,Locks,Safe2,4,Unsold,NULL,NULL,NULL
1740,Locks,Safe3,5,Unsold,NULL,NULL,NULL
1741,Locks,SmartHome1,7,Unsold,NULL,NULL,NULL
1742,Locks,Safe3,5,Sold,NULL,NULL,NULL
1743,Locks,Safe2,4,Sold,NULL,NULL,NULL
1744,Locks,Safe3,5,Sold,NULL,NULL,NULL
1745,Locks,SmartHome1,7,Sold,NULL,NULL,NULL
1746,Locks,Safe1,3,Sold,NULL,NULL,NULL
1747,Locks,Safe2,4,Unsold,NULL,NULL,NULL
1748,Locks,Safe3,5,Unsold,NULL,NULL,NULL
1749,Locks,SmartHome1,7,Unsold,NULL,NULL,NULL
1750,Locks,Safe1,3,Unsold,NULL,NULL,NULL
1751,Locks,Safe2,4,Unsold,NULL,NULL,NULL
1752,Locks,Safe3,5,Unsold,NULL,NULL,NULL
1753,Locks,SmartHome1,7,Unsold,NULL,NULL,NULL
1754,Locks,Safe1,3,Unsold,NULL,NULL,NULL
1755,Locks,Safe2,4,Unsold,NULL,NULL,NULL
1756,Locks,Safe3,5,Unsold,NULL,NULL,NULL
1757,Locks,SmartHome1,7,Sold,NULL,NULL,NULL
1758,Locks,Safe1,3,Sold,NULL,NULL,NULL
1759,Locks,Safe2,4,Sold,NULL,NULL,NULL
1760,Locks,Safe3,5,Sold,NULL,NULL,NULL
1761,Locks,SmartHome1,7,Sold,NULL,NULL,NULL
1762,Locks,Safe2,4,Unsold,NULL,NULL,NULL
1763,Locks,Safe2,4,Unsold,NULL,NULL,NULL
1764,Locks,Safe3,5,Unsold,NULL,NULL,NULL
1765,Locks,SmartHome1,7,Unsold,NULL,NULL,NULL
1766,Locks,Safe3,5,Unsold,NULL,NULL,NULL
1767,Locks,Safe2,4,Unsold,NULL,NULL,NULL
1768,Locks,Safe3,5,Unsold,NULL,NULL,NULL
1769,Locks,SmartHome1,7,Unsold,NULL,NULL,NULL
1770,Locks,Safe1,3,Unsold,NULL,NULL,NULL
1771,Locks,Safe2,4,Unsold,NULL,NULL,NULL
1772,Locks,Safe3,5,Sold,NULL,NULL,NULL
1773,Locks,SmartHome1,7,Sold,NULL,NULL,NULL
1774,Locks,Safe1,3,Sold,NULL,NULL,NULL
1775,Locks,Safe2,4,Sold,NULL,NULL,NULL
1776,Locks,Safe3,5,Sold,NULL,NULL,NULL
1777,Locks,SmartHome1,7,Unsold,NULL,NULL,NULL
1778,Locks,Safe1,3,Unsold,NULL,NULL,NULL
1779,Locks,Safe2,4,Unsold,NULL,NULL,NULL
1780,Locks,Safe3,5,Unsold,NULL,NULL,NULL
1781,Locks,SmartHome1,7,Unsold,NULL,NULL,NULL
1782,Locks,Safe1,3,Unsold,NULL,NULL,NULL
1783,Locks,Safe2,4,Unsold,NULL,NULL,NULL
1784,Locks,Safe3,5,Unsold,NULL,NULL,NULL
1785,Locks,SmartHome1,7,Unsold,NULL,NULL,NULL
1786,Locks,Safe2,4,Unsold,NULL,NULL,NULL
1787,Locks,Safe2,4,Sold,NULL,NULL,NULL
1788,Locks,Safe3,5,Sold,NULL,NULL,NULL
1789,Locks,SmartHome1,7,Sold,NULL,NULL,NULL
1790,Locks,Safe3,5,Sold,NULL,NULL,NULL
1791,Locks,Safe2,4,Sold,NULL,NULL,NULL
1792,Locks,Safe3,5,Unsold,NULL,NULL,NULL
1793,Locks,SmartHome1,7,Unsold,NULL,NULL,NULL
1794,Locks,Safe1,3,Unsold,NULL,NULL,NULL
1795,Locks,Safe2,4,Unsold,NULL,NULL,NULL
1796,Locks,Safe3,5,Unsold,NULL,NULL,NULL
1797,Locks,SmartHome1,7,Unsold,NULL,NULL,NULL
1798,Locks,Safe1,3,Unsold,NULL,NULL,NULL
1799,Locks,Safe2,4,Unsold,NULL,NULL,NULL
1800,Locks,Safe3,5,Unsold,NULL,NULL,NULL
1801,Locks,SmartHome1,7,Unsold,NULL,NULL,NULL
1802,Locks,Safe1,3,Sold,NULL,NULL,NULL
1803,Locks,Safe2,4,Sold,NULL,NULL,NULL
1804,Locks,Safe3,5,Sold,NULL,NULL,NULL
1805,Locks,SmartHome1,7,Sold,NULL,NULL,NULL
1806,Locks,Safe1,3,Sold,NULL,NULL,NULL
1807,Locks,Safe2,4,Unsold,NULL,NULL,NULL
1808,Locks,Safe3,5,Unsold,NULL,NULL,NULL
1809,Locks,SmartHome1,7,Unsold,NULL,NULL,NULL
1810,Locks,Safe2,4,Unsold,NULL,NULL,NULL
1811,Locks,Safe2,4,Unsold,NULL,NULL,NULL
1812,Locks,Safe3,5,Unsold,NULL,NULL,NULL
1813,Locks,SmartHome1,7,Unsold,NULL,NULL,NULL
1814,Locks,Safe3,5,Unsold,NULL,NULL,NULL
1815,Locks,Safe2,4,Unsold,NULL,NULL,NULL
1816,Locks,Safe3,5,Unsold,NULL,NULL,NULL
1817,Locks,SmartHome1,7,Sold,NULL,NULL,NULL
1818,Locks,Safe1,3,Sold,NULL,NULL,NULL
1819,Locks,Safe2,4,Sold,NULL,NULL,NULL
1820,Locks,Safe3,5,Sold,NULL,NULL,NULL
1821,Locks,SmartHome1,7,Sold,NULL,NULL,NULL
1822,Locks,Safe1,3,Unsold,NULL,NULL,NULL
1823,Locks,Safe2,4,Unsold,NULL,NULL,NULL
1824,Locks,Safe3,5,Unsold,NULL,NULL,NULL
1825,Locks,SmartHome1,7,Unsold,NULL,NULL,NULL
1826,Locks,Safe1,3,Unsold,NULL,NULL,NULL
1827,Locks,Safe2,4,Unsold,NULL,NULL,NULL
1828,Locks,Safe3,5,Unsold,NULL,NULL,NULL
1829,Locks,SmartHome1,7,Unsold,NULL,NULL,NULL
1830,Locks,Safe1,3,Unsold,NULL,NULL,NULL
1831,Locks,Safe2,4,Unsold,NULL,NULL,NULL
1832,Locks,Safe3,5,Sold,NULL,NULL,NULL
1833,Locks,SmartHome1,7,Sold,NULL,NULL,NULL
1834,Locks,Safe2,4,Sold,NULL,NULL,NULL
1835,Locks,Safe2,4,Sold,NULL,NULL,NULL
1836,Locks,Safe3,5,Sold,NULL,NULL,NULL
1837,Locks,SmartHome1,7,Unsold,NULL,NULL,NULL
1838,Locks,Safe3,5,Unsold,NULL,NULL,NULL
1839,Locks,Safe2,4,Unsold,NULL,NULL,NULL
1840,Locks,Safe3,5,Unsold,NULL,NULL,NULL
1841,Locks,SmartHome1,7,Unsold,NULL,NULL,NULL
1842,Locks,Safe1,3,Unsold,NULL,NULL,NULL
1843,Locks,Safe2,4,Unsold,NULL,NULL,NULL
1844,Locks,Safe3,5,Unsold,NULL,NULL,NULL
1845,Locks,SmartHome1,7,Unsold,NULL,NULL,NULL
1846,Locks,Safe1,3,Unsold,NULL,NULL,NULL
1847,Locks,Safe2,4,Sold,NULL,NULL,NULL
1848,Locks,Safe3,5,Sold,NULL,NULL,NULL
1849,Locks,SmartHome1,7,Sold,NULL,NULL,NULL
1850,Locks,Safe1,3,Sold,NULL,NULL,NULL
1851,Locks,Safe2,4,Sold,NULL,NULL,NULL
1852,Locks,Safe3,5,Unsold,NULL,NULL,NULL
1853,Locks,SmartHome1,7,Unsold,NULL,NULL,NULL
1854,Locks,Safe1,3,Unsold,NULL,NULL,NULL
1855,Locks,Safe2,4,Unsold,NULL,NULL,NULL
1856,Locks,Safe3,5,Unsold,NULL,NULL,NULL
1857,Locks,SmartHome1,7,Unsold,NULL,NULL,NULL
1858,Locks,Safe2,4,Unsold,NULL,NULL,NULL
1859,Locks,Safe2,4,Unsold,NULL,NULL,NULL
1860,Locks,Safe3,5,Unsold,NULL,NULL,NULL
1861,Locks,SmartHome1,7,Unsold,NULL,NULL,NULL
1862,Locks,Safe3,5,Sold,NULL,NULL,NULL
1863,Locks,Safe2,4,Sold,NULL,NULL,NULL
1864,Locks,Safe3,5,Sold,NULL,NULL,NULL
1865,Locks,SmartHome1,7,Sold,NULL,NULL,NULL
1866,Locks,Safe1,3,Sold,NULL,NULL,NULL
1867,Locks,Safe2,4,Unsold,NULL,NULL,NULL
1868,Locks,Safe3,5,Unsold,NULL,NULL,NULL
1869,Locks,SmartHome1,7,Unsold,NULL,NULL,NULL
1870,Locks,Safe1,3,Unsold,NULL,NULL,NULL
1871,Locks,Safe2,4,Unsold,NULL,NULL,NULL
1872,Locks,Safe3,5,Unsold,NULL,NULL,NULL
1873,Locks,SmartHome1,7,Unsold,NULL,NULL,NULL
1874,Locks,Safe1,3,Unsold,NULL,NULL,NULL
1875,Locks,Safe2,4,Unsold,NULL,NULL,NULL
1876,Locks,Safe3,5,Unsold,NULL,NULL,NULL
1877,Locks,SmartHome1,7,Sold,NULL,NULL,NULL
1878,Locks,Safe1,3,Sold,NULL,NULL,NULL
1879,Locks,Safe2,4,Sold,NULL,NULL,NULL
1880,Locks,Safe3,5,Sold,NULL,NULL,NULL
1881,Locks,SmartHome1,7,Sold,NULL,NULL,NULL
1882,Locks,Safe2,4,Unsold,NULL,NULL,NULL
1883,Locks,Safe2,4,Unsold,NULL,NULL,NULL
1884,Locks,Safe3,5,Unsold,NULL,NULL,NULL
1885,Locks,SmartHome1,7,Unsold,NULL,NULL,NULL
1886,Locks,Safe3,5,Unsold,NULL,NULL,NULL
1887,Locks,Safe2,4,Unsold,NULL,NULL,NULL
1888,Locks,Safe3,5,Unsold,NULL,NULL,NULL
1889,Locks,SmartHome1,7,Unsold,NULL,NULL,NULL
1890,Locks,Safe1,3,Unsold,NULL,NULL,NULL
1891,Locks,Safe2,4,Unsold,NULL,NULL,NULL
1892,Locks,Safe3,5,Sold,NULL,NULL,NULL
1893,Locks,SmartHome1,7,Sold,NULL,NULL,NULL
1894,Locks,Safe1,3,Sold,NULL,NULL,NULL
1895,Locks,Safe2,4,Sold,NULL,NULL,NULL
1896,Locks,Safe3,5,Sold,NULL,NULL,NULL
1897,Locks,SmartHome1,7,Unsold,NULL,NULL,NULL
1898,Locks,Safe1,3,Unsold,NULL,NULL,NULL
1899,Locks,Safe2,4,Unsold,NULL,NULL,NULL
1900,Locks,Safe3,5,Unsold,NULL,NULL,NULL
1901,Locks,SmartHome1,7,Unsold,NULL,NULL,NULL
1902,Locks,Safe1,3,Unsold,NULL,NULL,NULL
1903,Locks,Safe2,4,Unsold,NULL,NULL,NULL
1904,Locks,Safe3,5,Unsold,NULL,NULL,NULL
1905,Locks,SmartHome1,7,Unsold,NULL,NULL,NULL
1906,Locks,Safe2,4,Unsold,NULL,NULL,NULL
1907,Locks,Safe2,4,Sold,NULL,NULL,NULL
1908,Locks,Safe3,5,Sold,NULL,NULL,NULL
1909,Locks,SmartHome1,7,Sold,NULL,NULL,NULL
1910,Locks,Safe3,5,Sold,NULL,NULL,NULL
1911,Locks,Safe2,4,Sold,NULL,NULL,NULL
1912,Locks,Safe3,5,Unsold,NULL,NULL,NULL
1913,Locks,SmartHome1,7,Unsold,NULL,NULL,NULL
1914,Locks,Safe1,3,Unsold,NULL,NULL,NULL
1915,Locks,Safe2,4,Unsold,NULL,NULL,NULL
1916,Locks,Safe3,5,Unsold,NULL,NULL,NULL
1917,Locks,SmartHome1,7,Unsold,NULL,NULL,NULL
1918,Locks,Safe1,3,Unsold,NULL,NULL,NULL
1919,Locks,Safe2,4,Unsold,NULL,NULL,NULL
1920,Locks,Safe3,5,Unsold,NULL,NULL,NULL
1921,Locks,SmartHome1,7,Unsold,NULL,NULL,NULL
1922,Locks,Safe1,3,Sold,NULL,NULL,NULL
1923,Locks,Safe2,4,Sold,NULL,NULL,NULL
1924,Locks,Safe3,5,Sold,NULL,NULL,NULL
1925,Locks,SmartHome1,7,Sold,NULL,NULL,NULL
1926,Locks,Safe1,3,Sold,NULL,NULL,NULL
1927,Locks,Safe2,4,Unsold,NULL,NULL,NULL
1928,Locks,Safe3,5,Unsold,NULL,NULL,NULL
1929,Locks,SmartHome1,7,Unsold,NULL,NULL,NULL
1930,Locks,Safe2,4,Unsold,NULL,NULL,NULL
1931,Locks,Safe2,4,Unsold,NULL,NULL,NULL
1932,Locks,Safe3,5,Unsold,NULL,NULL,NULL
1933,Locks,SmartHome1,7,Unsold,NULL,NULL,NULL
1934,Locks,Safe3,5,Unsold,NULL,NULL,NULL
1935,Locks,Safe2,4,Unsold,NULL,NULL,NULL
1936,Locks,Safe3,5,Unsold,NULL,NULL,NULL
1937,Locks,SmartHome1,7,Sold,NULL,NULL,NULL
1938,Locks,Safe1,3,Sold,NULL,NULL,NULL
1939,Locks,Safe2,4,Sold,NULL,NULL,NULL
1940,Locks,Safe3,5,Sold,NULL,NULL,NULL
1941,Locks,SmartHome1,7,Sold,NULL,NULL,NULL
1942,Locks,Safe1,3,Unsold,NULL,NULL,NULL
1943,Locks,Safe2,4,Unsold,NULL,NULL,NULL
1944,Locks,Safe3,5,Unsold,NULL,NULL,NULL
1945,Locks,SmartHome1,7,Unsold,NULL,NULL,NULL
1946,Locks,Safe1,3,Unsold,NULL,NULL,NULL
1947,Locks,Safe2,4,Unsold,NULL,NULL,NULL
1948,Locks,Safe3,5,Unsold,NULL,NULL,NULL
1949,Locks,SmartHome1,7,Unsold,NULL,NULL,NULL
1950,Locks,Safe1,3,Unsold,NULL,NULL,NULL
1951,Locks,Safe2,4,Unsold,NULL,NULL,NULL
1952,Locks,Safe3,5,Sold,NULL,NULL,NULL
1953,Locks,SmartHome1,7,Sold,NULL,NULL,NULL
1954,Locks,Safe2,4,Sold,NULL,NULL,NULL
1955,Locks,Safe2,4,Sold,NULL,NULL,NULL
1956,Locks,Safe3,5,Sold,NULL,NULL,NULL
1957,Locks,SmartHome1,7,Unsold,NULL,NULL,NULL
1958,Locks,Safe3,5,Unsold,NULL,NULL,NULL
1959,Locks,Safe2,4,Unsold,NULL,NULL,NULL
1960,Locks,Safe3,5,Unsold,NULL,NULL,NULL
1961,Locks,SmartHome1,7,Unsold,NULL,NULL,NULL
1962,Locks,Safe1,3,Unsold,NULL,NULL,NULL
1963,Locks,Safe2,4,Unsold,NULL,NULL,NULL
1964,Locks,Safe3,5,Unsold,NULL,NULL,NULL
1965,Locks,SmartHome1,7,Unsold,NULL,NULL,NULL
1966,Locks,Safe1,3,Unsold,NULL,NULL,NULL
1967,Locks,Safe2,4,Sold,NULL,NULL,NULL
1968,Locks,Safe3,5,Sold,NULL,NULL,NULL
1969,Locks,SmartHome1,7,Sold,NULL,NULL,NULL
1970,Locks,Safe1,3,Sold,NULL,NULL,NULL
1971,Locks,Safe2,4,Sold,NULL,NULL,NULL
1972,Locks,Safe3,5,Unsold,NULL,NULL,NULL
1973,Locks,SmartHome1,7,Unsold,NULL,NULL,NULL
1974,Locks,Safe1,3,Unsold,NULL,NULL,NULL
1975,Locks,Safe2,4,Unsold,NULL,NULL,NULL
1976,Locks,Safe3,5,Unsold,NULL,NULL,NULL
1977,Locks,SmartHome1,7,Unsold,NULL,NULL,NULL
1978,Locks,Safe2,4,Unsold,NULL,NULL,NULL
1979,Locks,Safe2,4,Unsold,NULL,NULL,NULL
1980,Locks,Safe3,5,Unsold,NULL,NULL,NULL
1981,Locks,SmartHome1,7,Unsold,NULL,NULL,NULL
1982,Locks,Safe3,5,Sold,NULL,NULL,NULL
1983,Locks,Safe2,4,Sold,NULL,NULL,NULL
1984,Locks,Safe3,5,Sold,NULL,NULL,NULL
1985,Locks,SmartHome1,7,Sold,NULL,NULL,NULL
1986,Locks,Safe1,3,Sold,NULL,NULL,NULL
1987,Locks,Safe2,4,Unsold,NULL,NULL,NULL
1988,Locks,Safe3,5,Unsold,NULL,NULL,NULL
1989,Locks,SmartHome1,7,Unsold,NULL,NULL,NULL
1990,Locks,Safe1,3,Unsold,NULL,NULL,NULL
1991,Locks,Safe2,4,Unsold,NULL,NULL,NULL
1992,Locks,Safe3,5,Unsold,NULL,NULL,NULL
1993,Locks,SmartHome1,7,Unsold,NULL,NULL,NULL
1994,Locks,Safe1,3,Unsold,NULL,NULL,NULL
1995,Locks,Safe2,4,Unsold,NULL,NULL,NULL
1996,Locks,Safe3,5,Unsold,NULL,NULL,NULL
1997,Locks,SmartHome1,7,Sold,NULL,NULL,NULL
1998,Locks,Safe1,3,Sold,NULL,NULL,NULL
1999,Locks,Safe2,4,Sold,NULL,NULL,NULL
2000,Locks,Safe3,5,Sold,NULL,NULL,NULL
2001,Locks,SmartHome1,7,Sold,NULL,NULL,NULL